comment_id,thread,reason,score,preview
o5qd0yr,Growing too fast and drowning in cash flow issues,Not clearly unresolved | pre_rank=15.0,10.4,Net 30 will wreck you if youâ€™re fronting materials and labor. Growth on paper doesnâ€™t mean healthy c...
o5kualt,Growing too fast and drowning in cash flow issues,Not clearly unresolved | pre_rank=13.5,7.6,We had this problem before the business closed. Commercial Flooring Contractor and we subbed out the...
o5mhol7,Growing too fast and drowning in cash flow issues,Not clearly unresolved | pre_rank=13.5,7.6,Iâ€™m 100% b2b as well.  All of my clients pay a deposit and/or prepay in full if itâ€™s a smaller job. ...
o5mmsse,Growing too fast and drowning in cash flow issues,Advice-dominant (second-person) | pre_rank=13.0,0.0,"Not a solution â€” just my experience as I go through this and I failed bad, but recovering:

1. Avoid..."
o5izx61,Growing too fast and drowning in cash flow issues,No clear own-experience context | pre_rank=12.0,2.8,The issue is that most of these customers i HAVE to be a net 30. Im dealing with bigger manufactures...
o5l3692,Growing too fast and drowning in cash flow issues,Not clearly unresolved | pre_rank=12.0,7.6,Are you a general contractor?  This sounds similar to my situation.  I've blown up rapidly and went ...
o5nqc8h,Growing too fast and drowning in cash flow issues,Advice-dominant (second-person) | pre_rank=11.5,0.0,"you're in the classic cash flow trap and it's not a sign of failure, it's actually super common when..."
o5jxc6l,Growing too fast and drowning in cash flow issues,Advice-dominant (second-person) | pre_rank=11.5,0.0,"Been in this exact spot. That cash flow crunch when you're growing fast is brutal.

The advice here ..."
o5jj8a1,Growing too fast and drowning in cash flow issues,Not clearly unresolved | pre_rank=10.5,4.8,"Honestly, Iâ€™d think about asking one of your bigger &amp; reoccurring clients for an early payment. ..."
o5j54wl,Growing too fast and drowning in cash flow issues,No clear own-experience context | pre_rank=10.5,4.0,its not the fact of having no money. With this unexpected growth im having to front liquid cash to o...
o5mhzb5,Growing too fast and drowning in cash flow issues,Not clearly unresolved | pre_rank=10.5,4.8,"@OP 

I went through ten years of that, only difference being terms were often 90 days on the big jo..."
o5ltyur,Growing too fast and drowning in cash flow issues,Not clearly unresolved | pre_rank=10.0,7.6,"I'm sure this has already been said in the previous 137 comments, but you need a line of credit. Ide..."
o5iz7hs,Growing too fast and drowning in cash flow issues,No clear own-experience context | pre_rank=9.5,5.6,"Donâ€™t accept Net30 terms if itâ€™s not working for your company, you donâ€™t have to especially if itâ€™s ..."
o5k00oi,Growing too fast and drowning in cash flow issues,Not clearly unresolved | pre_rank=9.0,4.8,"Get worms from your suppliers. If they are of any decent size, all it will be is a basic application..."
o5n3ski,Growing too fast and drowning in cash flow issues,Not clearly unresolved | pre_rank=9.0,4.8,"Cash flow is killing you.
Can you get a 50% deposit for the work? 
I feel for you. 
Weâ€™ve lived this..."
o5j1d0g,Growing too fast and drowning in cash flow issues,Not clearly unresolved | pre_rank=8.5,6.0,"its not that easy in my area. Even if i did want to do so, i couldn't physically pay them the every ..."
o5kz3co,Growing too fast and drowning in cash flow issues,No clear own-experience context | pre_rank=8.5,2.8,"Get a deposit. Every job gets charged 25% upfront for materials.

Cash flow issues is what tanks mos..."
o5j7dv4,Growing too fast and drowning in cash flow issues,No clear own-experience context | pre_rank=8.0,5.6,It seems like net 30 terms are putting a strain on your cash flow. Have you thought about adjuting p...
o5k3ycl,Growing too fast and drowning in cash flow issues,Advice-dominant (second-person) | pre_rank=7.5,0.0,"Youâ€™re not failing, youâ€™re financing your clientsâ€™ growth instead of your own. Net 30 works only if ..."
o5jc8oe,Growing too fast and drowning in cash flow issues,No clear own-experience context | pre_rank=7.0,2.8,this is seriously smart. i dont cut myself short as far as pricing. and basically i should increase ...
o5jnxey,Growing too fast and drowning in cash flow issues,No clear own-experience context | pre_rank=7.0,2.8,&gt;Can you get approved for a large balance American Express credit card? This has saved my butt on...
o5mko51,Growing too fast and drowning in cash flow issues,Not clearly unresolved | pre_rank=7.0,4.8,I did. I was working a large job as a sub contractor for a multinational building company. Owner of ...
o5jhx7e,Growing too fast and drowning in cash flow issues,Not clearly unresolved | pre_rank=7.0,4.8,"If you have a relationship with these clients, theres flexibility:

I have a net30 client that let's..."
o5kx3fw,Growing too fast and drowning in cash flow issues,No clear own-experience context | pre_rank=7.0,2.8,"Years ago I upped my prices and then offered 1%10, net 30. All of my major customers jumped on the 1..."
o5jzkby,Growing too fast and drowning in cash flow issues,No clear own-experience context | pre_rank=7.0,2.8,Iâ€™ve talked to my clients and arranged for getting deposits with jobs over a certain amount. Some of...
o5lrrxu,Growing too fast and drowning in cash flow issues,Not clearly unresolved | pre_rank=7.0,4.8,"Move to NET15 terms, or if they insist on NET30 do a deposit. You'd be surprised how often that is f..."
o5jyntf,Growing too fast and drowning in cash flow issues,No concrete pain indicators | pre_rank=6.0,2.0,"A few notes.

You're doing great. 

This is not easy, and growing a business in this economy is a th..."
o5jkfgl,Growing too fast and drowning in cash flow issues,No clear own-experience context | pre_rank=6.0,2.8,There is a level of growth that can be funded based on cash flow and margin - take a look at this pa...
o5hgdki,Customer did not pay import duties or accept parce,Pain score too low (3.2 < 6.0) | pre_rank=9.0,3.2,"Thank you for your reply. I have it on the product page in the product template, in my shipping poli..."
o5may2m,Customer did not pay import duties or accept parce,Pain score too low (5.4 < 6.0) | pre_rank=7.5,5.4,I literally canâ€™t pay another thirty dollars to reship a parcel I already paid $30 to ship the first...
o5moymm,Customer did not pay import duties or accept parce,Pain score too low (3.2 < 6.0) | pre_rank=7.5,3.2,Thank you for your suggestions and advice. Iâ€™ve tightened up everything. I put a notice on the check...
o5jzxcd,Customer did not pay import duties or accept parce,No concrete pain indicators | pre_rank=6.0,2.0,"The business I work for ships retail orders international all the time, and trust me, customs does n..."
o1dqz2o,Married couple running a business together and I f,No clear own-experience context | pre_rank=10.5,2.2,1. We both kind of do the same role. Kind of like Roman Consuls I guess. I have more of a hand in ac...
o1dt3cz,Married couple running a business together and I f,No concrete pain indicators | pre_rank=10.5,2.0,"Iâ€™ve owned a business with my husband for 15 years. Different industry, but we share a similar divis..."
o1f1bsc,Married couple running a business together and I f,No concrete pain indicators | pre_rank=10.5,3.8,"My wife came to me with the same problem that we faced many years ago. New business, new born and a ..."
o1qf501,Married couple running a business together and I f,No concrete pain indicators | pre_rank=10.5,3.8,"I lost the woman (not my wife) who did my billing, business expenses, and tax stuff and I about had ..."
o1kzju0,Married couple running a business together and I f,No concrete pain indicators | pre_rank=9.5,2.0,My sister in law was in a similar situation. She runs a therapy clinic and after having her first ch...
o1ds14x,Married couple running a business together and I f,No clear own-experience context | pre_rank=9.0,1.2,"Yes, we 100% have to get her out of the bed. We both agree. She broke her leg a couple months ago an..."
o1i9zkv,Married couple running a business together and I f,No concrete pain indicators | pre_rank=9.0,2.0,"My husband and I are nearing 20 years in business together (and retiring this year, whoopee!). We we..."
o1n89uh,Married couple running a business together and I f,No concrete pain indicators | pre_rank=9.0,3.8,Itâ€™s definitely an idea. I did have my own business prior to this as a massage therapist. The income...
o1gjfq1,Married couple running a business together and I f,No concrete pain indicators | pre_rank=9.0,3.8,"Agreed on the mentor. We tried that in year 2 and received poor advice and a bigger bill, but we are..."
o1j6whr,Married couple running a business together and I f,Pain score too low (3.2 < 6.0) | pre_rank=9.0,3.2,Iâ€™m in a similar situation. Ran a business together for over 20 yrs in a job I hated.  I recently â€œq...
o1dvg7w,Married couple running a business together and I f,Pain score too low (1.7 < 6.0) | pre_rank=7.5,1.7,"We went through something similar.  

I can tell you our trials and errors but the biggest question ..."
o1dpqz1,Married couple running a business together and I f,No concrete pain indicators | pre_rank=7.5,2.0,The â€œthree is a crowdâ€ line hit because it does feel like the business is always in the room with us...
o1dnrjl,Married couple running a business together and I f,Pain score too low (1.7 < 6.0) | pre_rank=7.5,1.7,"As someone that worked together with my wife for 19 years, and that did so fairly well, we both woul..."
o1n7e3f,Married couple running a business together and I f,No clear own-experience context | pre_rank=7.5,0.0,"This is such helpful information.

I definitely do need a time block a little bit better. I feel lik..."
o1ea3uj,Married couple running a business together and I f,No concrete pain indicators | pre_rank=7.5,2.0,"The ""what do you even do all day"" comment is the part that would break me too. That's not ignorance,..."
o1ljbxe,Married couple running a business together and I f,No clear own-experience context | pre_rank=7.5,0.0,"I've had to do this in my own marriage, too. It was incredibly effective to lay out the problems as ..."
o1sq5mj,Married couple running a business together and I f,No concrete pain indicators | pre_rank=7.5,2.0,My now ex husband and I started a plumbing company in 2017. He was a field tech and I was everything...
o1fskx5,Married couple running a business together and I f,Not clearly unresolved | pre_rank=7.0,4.8,"I hired aand increased i come until my wife could stay home. Find another master plumber, send him o..."
o1dsxow,Married couple running a business together and I f,No clear own-experience context | pre_rank=7.0,1.2,He has mentioned he'd go to couples therapy. He knows there is a problem. I think he's too exhausted...
o1dmhoe,Married couple running a business together and I f,No concrete pain indicators | pre_rank=6.0,2.0,And the crazy part is he basically admitted it. I told him he needs to learn my side too because if ...
o1doykb,Married couple running a business together and I f,No concrete pain indicators | pre_rank=6.0,2.0,"Thanks for sharing. 
I am the male version of your situation. My wife and I have been married 10 yea..."
o1dpeqk,Married couple running a business together and I f,Pain score too low (5.4 < 6.0) | pre_rank=6.0,5.4,"To answer your questions, yes, the business *is* structured. We have two service techs and one helpe..."
o1fje1o,Married couple running a business together and I f,No concrete pain indicators | pre_rank=6.0,0.5,I run a manufacturing business with my husband. The answer is you need to hire someone to help you i...
o1dqhyv,Married couple running a business together and I f,No clear own-experience context | pre_rank=6.0,0.0,"I donâ€™t think I want to do an ultimatum, but I do need boundaries because the â€œwhat do you even do a..."
o1dw272,Married couple running a business together and I f,No concrete pain indicators | pre_rank=6.0,2.0,Co-running a business broke me and my last partner. I try to talk people out of hiring for convenien...
o1dqzsx,Married couple running a business together and I f,No concrete pain indicators | pre_rank=6.0,2.0,"Yes, we are in the process of finding someone. We've been seriously looking for a month. That comes ..."
o1ee9zo,Married couple running a business together and I f,No concrete pain indicators | pre_rank=6.0,2.0,I wish I could help. I built a business with my wife too and it kinda went the same way tbh. We divo...
o1fy9ay,Married couple running a business together and I f,No concrete pain indicators | pre_rank=6.0,2.0,This kind of reminds me of when my wife and I opened our salon. Granted we donâ€™t have children so I ...
o1e7rg6,Married couple running a business together and I f,Not clearly unresolved | pre_rank=6.0,4.2,"That is so tough. I'm going to be honest, and I don't usually recommend ending things but if I were ..."
o1r0zx1,Married couple running a business together and I f,Pain score too low (3.2 < 6.0) | pre_rank=6.0,3.2,Another thing you might try is having him schedule a day off so he can see everything you actually d...
o2098c0,Married couple running a business together and I f,Pain score too low (3.2 < 6.0) | pre_rank=6.0,3.2,"Iâ€™m sorry youâ€™re going through this. To answer your question: our relationship didnâ€™t survive.

Runn..."
o2guzgo,Married couple running a business together and I f,No concrete pain indicators | pre_rank=6.0,2.0,I am there with you. We closed our retail operation for what should have been 2 weeks. It ended up b...
o1ds0bx,Married couple running a business together and I f,Pain score too low (1.7 < 6.0) | pre_rank=6.0,1.7,"List everything that you are covering, rank them from least enjoyable to most enjoyable, list how mu..."
o1m10co,Married couple running a business together and I f,Pain score too low (1.7 < 6.0) | pre_rank=6.0,1.7,I work with my husband in our own business and it is HARD!  We had this discussion in the past and I...
o1fbed0,Married couple running a business together and I f,Pain score too low (3.2 < 6.0) | pre_rank=6.0,3.2,My business partner asked (screamed at?) me what I do all day when we were both doing nothing but th...
o2we2ts,I didnâ€™t expect the loneliest part of running a sm,No concrete pain indicators | pre_rank=7.5,2.0,"This hit close to home.

I owned a hotel for a while, and the loneliness of the decisions was someth..."
o2uh7r7,I didnâ€™t expect the loneliest part of running a sm,No concrete pain indicators | pre_rank=6.0,2.0,"Living this every day.  I understand and most people have no ability to relate whatsoever. 

I used ..."
o2umv0k,I didnâ€™t expect the loneliest part of running a sm,Pain score too low (5.7 < 6.0) | pre_rank=6.0,5.7,"Totally feel you. 

I would feel anxiety for days after dealing with an unhappy customer regardless ..."
o2yt2j9,I didnâ€™t expect the loneliest part of running a sm,No concrete pain indicators | pre_rank=6.0,2.0,Iâ€™m in a similar boat. I work full time and have been scaling a carpentry business over the last yea...
o1vdu6j,"What to actually say when a client says ""that's mo",Pain score too low (5.4 < 6.0) | pre_rank=9.0,5.4,If you're a small business engaged in race to the bottom pricing you will eventually lose to bigger ...
o200bbg,"What to actually say when a client says ""that's mo",No clear own-experience context | pre_rank=9.0,3.4,"From my experience, a lot of problems are solved by abundance. 

I can't tell you the number of bad ..."
o1y5qj2,"What to actually say when a client says ""that's mo",No concrete pain indicators | pre_rank=9.0,2.0,We aren't the cheapest but we are the best. I have no issues turning away business. For us we have m...
o1w1xdd,"What to actually say when a client says ""that's mo",No clear own-experience context | pre_rank=6.0,0.0,"Just happened last week. I was given a ball park figure, wrote up the proposal. And, then, during th..."
o1v2y1e,"What to actually say when a client says ""that's mo",No clear own-experience context | pre_rank=6.0,0.0,"And not only that, the customers that put the squeeze on you are more likely to take up a lot of you..."
o1v1h7e,"What to actually say when a client says ""that's mo",No concrete pain indicators | pre_rank=6.0,2.0,I used to manage a Hilton Garden Inn. It was in a high tourist destination but a majority of our bus...
o217g7z,"What to actually say when a client says ""that's mo",No concrete pain indicators | pre_rank=6.0,2.0,Before I started my business I was a creative and tech project manager and this is how I managed cli...
o1zlib5,"What to actually say when a client says ""that's mo",No clear own-experience context | pre_rank=6.0,0.0,The scope adjustment thing took me forever to figure out. Used to just eat the discount and resent t...
o207acf,"What to actually say when a client says ""that's mo",No clear own-experience context | pre_rank=6.0,0.0,"Nobody ever did. Some chose to stay with us, some didn't. I think the intent of me saying it was cle..."
o5p82fq,I failed 7 businesses before I figured out the one,No clear own-experience context | pre_rank=6.0,0.0,"I'm not really interested in a hot dog, but I cried three times during the documentary, so go ahead ..."
o5nkfgt,Is outsourcing actually bad â€” or do most founders ,No concrete pain indicators | pre_rank=9.0,2.0,Run a consulting business and have outsourced various things over the past few years. Here's what I'...
o5o423g,Is outsourcing actually bad â€” or do most founders ,No clear own-experience context | pre_rank=6.5,0.0,The failed outsourcing efforts at the companies I worked for were primarily due to communication fai...
o5o5v92,Failing family business,No concrete pain indicators | pre_rank=7.5,2.0,"That's a real constraint to consider. That said, you can gain real world experience working on the f..."
o5p76nk,Why does everyone act like Google Sheets can't han,No concrete pain indicators | pre_rank=7.5,2.0,"When I first started, I used Google Sheets for scheduling too, and it worked fine for a while with a..."
o5oe95s,Why does everyone act like Google Sheets can't han,No concrete pain indicators | pre_rank=6.0,2.0,"If a good chick of time is more than 15 minutes, thatâ€™s too much time. 


I use an app, itâ€™s free I ..."
o5lfw85,Advice for hiring good employees?,No clear own-experience context | pre_rank=6.0,0.0,I don't disagree. I often think the type of entry level job that doesn't require a specific skillset...
o5qz0t6,Should I stop this now??,No concrete pain indicators | pre_rank=7.5,2.0,"I wouldn't only change the business model, I would change businesses. That's the problem in this wor..."
o5rz13j,How do you grow a remote bookkeeping business when,No concrete pain indicators | pre_rank=6.0,2.0,The lead gen struggle is real in service businesses. I went through something similar when I transit...
o5t0vey,How do you grow a remote bookkeeping business when,No concrete pain indicators | pre_rank=6.0,2.0,"I agree with this. I think people have over played the remote bookkeeping thing. 

Books are such an..."
o5p2oem,I wasted 10 hours last Saturday on month-end close,No clear own-experience context | pre_rank=7.5,0.0,This is my suggestion also. I reconcile daily and bookkeep daily. I think I would be very stressed o...
o5o7r35,I wasted 10 hours last Saturday on month-end close,No concrete pain indicators | pre_rank=6.0,2.0,"Consulting business here, typically \~$300K/yr revenue.  I spend approximatley 1-1.5 hours on month-..."
o5ozuo7,I wasted 10 hours last Saturday on month-end close,No concrete pain indicators | pre_rank=6.0,2.0,"I run everything (e-commerce, wholesale, private label and retail sales, bank accounts and credit ca..."
o5ptuhc,I wasted 10 hours last Saturday on month-end close,No concrete pain indicators | pre_rank=6.0,2.0,I ran ecommerce shop with many monthly transactions and multiple sales channels and multiple bank ac...
o5st36n,I wasted 10 hours last Saturday on month-end close,Pain score too low (3.2 < 6.0) | pre_rank=6.0,3.2,"I'm gonna recommend a newer software called Finaloop.

I've been in e-commerce and manufacturing for..."
o5p1r9x,I wasted 10 hours last Saturday on month-end close,No concrete pain indicators | pre_rank=6.0,2.0,One way to tackle it is to do an in-person training with a bookkeeper who knows Quickbooks well. I d...
o5plx3m,I wasted 10 hours last Saturday on month-end close,No concrete pain indicators | pre_rank=6.0,2.0,The bookkeeping company I founded have about 130 ecom clients and I can tell you that this experienc...
o5odytr,I wasted 10 hours last Saturday on month-end close,No clear own-experience context | pre_rank=6.0,0.0,Iâ€™m around 150k and got a QBO certified offshore bookkeeper in the Philippines for $12hr. TBH that i...
o5snxc4,Is getting your first client was this hard ?,Not clearly unresolved | pre_rank=9.0,4.8,The business I'm getting into I'm preparing for getting almost no customers the first year.  I don't...
o5jb07v,Is getting your first client was this hard ?,No concrete pain indicators | pre_rank=7.5,2.0,"For B2B automation, getting that first client often feels like the hardest part. I've tried a few di..."
o5n2d0j,Is getting your first client was this hard ?,No concrete pain indicators | pre_rank=6.0,2.0,Absolutely. I second this. Building rapport. &amp; they will also know your not just trying to force...
o5pn4h0,service business owners - where are your best cust,No concrete pain indicators | pre_rank=6.0,2.0,"haha fair enough, i can see how it came across that way. to clarify â€” i don't run an ad agency. i wa..."
o5sduwo,Anyone else feel stuck trying to make money online,No clear own-experience context | pre_rank=8.5,2.8,All you are saying is true but I have tried and made some money online using digital marketing mysel...
o5rnp4w,Anyone else feel stuck trying to make money online,No concrete pain indicators | pre_rank=7.5,0.5,The most frustrating part is how much time gets eaten up by things that aren't actually growing your...
o5rzrab,Anyone else feel stuck trying to make money online,Not clearly unresolved | pre_rank=6.0,4.2,"I've tried various things and while some work ok, they end up not being worth the time put in. The l..."
o5lwbrw,I got a dump trailer and now I canâ€™t keep up with ,No concrete pain indicators | pre_rank=7.5,2.0,"You have a good problem there! But Iâ€™ve been in your shoes with my rental business.

You need someth..."
o5p3jji,Anyone Have a POSITIVE Experience Selling to PE?,Pain score too low (3.2 < 6.0) | pre_rank=7.5,3.2,"I had a positive experience. Yes, they did try to give me a haircut at the end but we held firm and ..."
o5pd3ol,Anyone Have a POSITIVE Experience Selling to PE?,No clear own-experience context | pre_rank=6.0,0.0,I'm one year post and good experience so far. Sale went as well as it reasonably could have. Decent ...
o5r86we,Ideal Small Biz Investment for $50-$100K,Not clearly unresolved | pre_rank=7.0,4.8,I went down a similar path with a micro-market / vending business. On paper it looked like a â€œsemi-p...
o5qz0mm,Ideal Small Biz Investment for $50-$100K,No concrete pain indicators | pre_rank=7.0,2.0,"This is really helpful perspective and the type of honesty I'm looking for. To clarify one thing, I ..."
o5raaxi,Ideal Small Biz Investment for $50-$100K,No clear own-experience context | pre_rank=6.0,0.0,"If I were in your situation, I would look at online opportunities. Iâ€™d start with taking a look at a..."
o5ooqxo,What I learned cold emailing 20+ small business ow,No clear own-experience context | pre_rank=6.0,0.0,This matches what I have seen helping businesses with their tech stack. The switching cost thing is ...
o5pvoy3,What got you your first 100 users?,No clear own-experience context | pre_rank=7.5,0.0,"honestly, i'd focus on communities first because you get immediate feedback and can actually talk to..."
o5s7hlk,Sba loan denied due to poor cash flow,Not clearly unresolved | pre_rank=9.0,4.8,"My understanding of SBA backed loans is they are concerned with liquidable  and illiquid assets, not..."
o5stk72,Sba loan denied due to poor cash flow,Not clearly unresolved | pre_rank=9.0,3.3,"In this instance with the owner operator, you are buying a job, not a business.

And half of the own..."
o5t66ao,Sba loan denied due to poor cash flow,No clear own-experience context | pre_rank=7.0,2.8,Try a projection based request which would be the same or similar to a startup request. Probably tou...
o5s9qyz,Sba loan denied due to poor cash flow,No concrete pain indicators | pre_rank=5.5,-1.0,"I wouldn't buy this business at that price, and from the scant details you've provided it doesn't lo..."
o5sbqql,Sba loan denied due to poor cash flow,Pain score too low (3.2 < 5.2) | pre_rank=5.5,3.2,Iâ€™m a general manager for 8 auto repair shops with a company. I take the struggling stores and imple...
o5s7ol2,Sba loan denied due to poor cash flow,No clear own-experience context | pre_rank=5.0,1.3,Gross doesn't matter. If it doesn't cash flow and you still want to buy it you should approach it as...
o5s76qh,Sba loan denied due to poor cash flow,About someone else's experience | pre_rank=5.0,0.0,"And what is the cash flow?  

If a bank wonâ€™t touch a deal due to poor cash flow itâ€™s probably a bad..."
o5sdce0,Sba loan denied due to poor cash flow,No clear own-experience context | pre_rank=5.0,2.8,"In the small business world the term cash flow is synonymous with SDE, or Sellerâ€™s Discretionary Ear..."
o5nzj2v,How do small businesses manage unpaid invoices wit,No clear own-experience context | pre_rank=6.5,2.8,Unpaid invoices become a problem when follow-up relies on memory instead of process. Set clear payme...
o5sobz9,GIVE US YOUR BUSINESS ADVICE ðŸ’¡,No concrete pain indicators | pre_rank=7.5,2.0,"As someone who has never started a business before, the best advice I'm holding on to that's going t..."
o5njwvz,How do you get over nervousness when cold calling ,No clear own-experience context | pre_rank=6.0,1.2,I used to set a daily target of 50 calls which isn't a huge amount for people who do this day in day...
o5rd8tx,"I voided a $10,000 bill and want to un-void it. Is",No concrete pain indicators | pre_rank=6.0,2.0,"Unfortunately once you explicitly voided the bill in writing, you've legally given up your right to ..."
o5sbdhb,"I voided a $10,000 bill and want to un-void it. Is",No concrete pain indicators | pre_rank=5.5,2.0,"Can you elaborate more on this. I am confused why you wrote/sent that message. Now, I have told or s..."
o5o9jhu,Why do so many entrepreneurs chase â€œovernight succ,No concrete pain indicators | pre_rank=7.5,2.0,This hits hard because I made the exact same mistake when I left my fintech job to start my company....
o5o9szd,Why do so many entrepreneurs chase â€œovernight succ,No clear own-experience context | pre_rank=6.0,0.0,"For me it clicked when hustle stopped fixing things. I could work harder and longer, but results did..."
o5sakd5,Which platform to build a website on &amp; best fo,No clear own-experience context | pre_rank=6.0,0.0,I had a look into Hostinger! It looks like the best fit for what I need - only red flag I can see is...
o5mwm6b,Which platform to build a website on &amp; best fo,No clear own-experience context | pre_rank=6.0,0.0,how about Hostinger and Durable? Hostinger almost seems too good to be true with how cheap it is and...
o5sz4j0,Small Business Pricing Rant,No concrete pain indicators | pre_rank=6.0,2.0,I feel this deep in my bones. I've had a business for 10 years on the other side of the coin and wor...
o5swjoi,Small Business Pricing Rant,No clear own-experience context | pre_rank=6.0,0.0,This is a great idea and I think how small businesses have to learn to think to survive - really cre...
o5o321d,How do you price without feeling guilty?,No concrete pain indicators | pre_rank=6.0,2.0,"Have you ever had your water or power turned off? 

This business is to sustain me and my family, if..."
o5nre3p,How do you price without feeling guilty?,No clear own-experience context | pre_rank=5.5,0.0,"Sell to clients that won't have a problem.  
I used to sell to poor people and they ALWAYS complaine..."
o5peld7,How do you keep track of what you owe each client?,No concrete pain indicators | pre_rank=10.5,3.8,"I know that scattered feeling well; juggling emails, sticky notes, and random reminders, then spendi..."
o5m7eoi,How do you keep track of what you owe each client?,No concrete pain indicators | pre_rank=7.5,2.0,"This depends a lot on the type of work you do, but the core problem is not really tracking tasks, it..."
o5n2db1,How do you keep track of what you owe each client?,No concrete pain indicators | pre_rank=7.5,2.0,"before the system it was honestly embarrassing. spreadsheets, sticky notes, ""I will remember to foll..."
o5mye43,How do you keep track of what you owe each client?,No concrete pain indicators | pre_rank=7.5,2.0,How do you build a system like this? Iâ€™m looking to grow my two personal business to three this year...
o5m94yd,How do you keep track of what you owe each client?,No clear own-experience context | pre_rank=7.0,0.0,this is the kind of problem that feels small until you miss something important and lose a client ov...
o5mjw5n,How do you keep track of what you owe each client?,No concrete pain indicators | pre_rank=6.0,2.0,"Weâ€™ve been using HubSpot for a year and like it a lot. It stores data on individuals, orangizations ..."
o5mdvad,How do you keep track of what you owe each client?,No concrete pain indicators | pre_rank=6.0,2.0,We put Trello in last year and it's working a bit better. What helps for me is having two people acc...
o5mrog1,How do you keep track of what you owe each client?,No clear own-experience context | pre_rank=6.0,0.0,I use Monday.com to track all of my projects. Iâ€™m an architect with 4 employees that are my designer...
o5sn8rf,Has anyone actually used AI agents to automate rea,No clear own-experience context | pre_rank=7.5,1.2,Iâ€™m pretty AI novice. Iâ€™m a general contractor. Recently set up a â€œscriptâ€â€¦ or somethingâ€¦ in ChatGPT...
o5n19jc,Are door hangers good???,No concrete pain indicators | pre_rank=6.0,0.5,Great that you already have the equipment if you didn't just buy it for this particular business alr...
o5mbvcd,Are door hangers good???,No concrete pain indicators | pre_rank=6.0,2.0,We've not had experience with door hangers but i would assume it might be similar to EDD (every door...
o5szt07,At what point did you feel like your business was ,No concrete pain indicators | pre_rank=6.0,2.0,For me it clicked when I stopped calling it a side project in conversations with other people. The m...
o5spuok,At what point did you feel like your business was ,No concrete pain indicators | pre_rank=6.0,2.0,For me it was when I had to say no to a client because I was booked. That shift from chasing work to...
o5qe8i4,How do you currently create and send contracts? (W,Not clearly unresolved | pre_rank=7.0,4.8,Started my company after leaving fintech and learned this the hard way - dont skip contracts even fo...
o5khh32,Funding for new business,No clear own-experience context | pre_rank=7.0,2.8,"It wasn't ideal, but I took a personal signature line of credit at my bank for stated purpose, I was..."
o5kd4ia,Funding for new business,No concrete pain indicators | pre_rank=7.0,3.8,"I did have some savings as well as personal plant inventory that I have cultivated myself, but that ..."
o5t894z,Blue collar worker wanting to work for myself.,No clear own-experience context | pre_rank=5.5,0.0,"This is a wildly different angle and may be no use to you, but I'm going to throw it out there just ..."
o5k6gsd,How do you find out if customers actually need wha,No clear own-experience context | pre_rank=7.5,0.0,The cold outreach route is brutal and usually gets you polite lies. I made this mistake with my firs...
o5k8i7d,How do you find out if customers actually need wha,No clear own-experience context | pre_rank=5.5,0.0,"Appreciate this! Sorry but I do have one more follow-up question, how do you get involved with those..."
o5p93d1,Event Staffing - Need invoice/payment rec's and st,No concrete pain indicators | pre_rank=6.0,2.0,Something that really helped me early on was finding a platform that combined invoicing and payment ...
o5qkydf,Anyone using Openclaw for business operation autom,No clear own-experience context | pre_rank=6.0,0.0,"Been using OpenClaw since it came out. It's doing some pretty cool things, from personal assistant t..."
